SNP,CHR,BP,P,FDR
rs123456,1,100000,0.001,0.05
rs234567,1,200000,0.0001,0.01
rs345678,1,300000,0.5,0.8
rs456789,2,100000,0.01,0.1
rs567890,2,200000,5e-8,0.001
rs678901,2,300000,0.2,0.6
rs789012,3,100000,0.8,0.95
rs890123,3,200000,1e-10,1e-8
rs901234,4,100000,0.3,0.7
rs012345,4,200000,0.05,0.2
rs111222,5,100000,0.00001,0.005
rs333444,5,200000,0.9,0.99
rs555666,6,100000,0.4,0.75
rs777888,6,200000,1e-6,0.0001
rs999000,7,100000,0.6,0.85
rs101010,7,200000,0.02,0.15
rs202020,8,100000,0.0005,0.03
rs303030,8,200000,0.7,0.9
rs404040,9,100000,0.15,0.4
rs505050,9,200000,1e-5,0.001
rs606060,10,100000,0.25,0.65
rs707070,10,200000,0.003,0.05
rs808080,11,100000,0.8,0.95
rs909090,11,200000,1e-7,0.00001
rs010101,12,100000,0.1,0.35
rs121212,12,200000,0.0002,0.02
rs131313,13,100000,0.5,0.8
rs141414,13,200000,0.008,0.1
rs151515,14,100000,0.9,0.99
rs161616,14,200000,2e-8,0.000001
rs171717,15,100000,0.3,0.7
rs181818,15,200000,0.00001,0.005
rs191919,16,100000,0.05,0.2
rs202121,16,200000,0.6,0.85
rs222324,17,100000,0.001,0.05
rs252627,17,200000,0.9,0.99
rs282930,18,100000,0.4,0.75
rs313233,18,200000,1e-9,0.0000001
rs343536,19,100000,0.0003,0.025
rs373839,19,200000,0.7,0.9
rs404142,20,100000,0.2,0.55
rs434445,20,200000,3e-8,0.000001
rs464748,21,100000,0.05,0.2
rs495051,21,200000,0.8,0.95
rs525354,22,100000,0.001,0.05
rs565758,22,200000,0.4,0.75
